{"object":{"0":"layer","1":"layer","2":"layer","3":"layer","4":"layer","5":"layer","6":"layer","7":"boundary condition","8":"boundary condition"},"layer thickness [m]":{"0":0.0002,"1":0.0005,"2":0.0002,"3":0.001,"4":0.0002,"5":0.0005,"6":0.0002,"7":null,"8":null},"label":{"0":"Pipe coating","1":"Eurofer wall","2":"Pipe coating","3":"He interlayer","4":"Pipe coating","5":"Eurofer wall","6":"Pipe coating","7":"outer He","8":"inner He"},"layer type":{"0":"solid","1":"solid","2":"solid","3":"fluid","4":"solid","5":"solid","6":"solid","7":null,"8":null},"conductivity [W\/mK]":{"0":10.0,"1":30.0,"2":10.0,"3":null,"4":10.0,"5":30.0,"6":10.0,"7":null,"8":null},"volumetric heat generation [W\/m^3]":{"0":20000000.0,"1":10000000.0,"2":20000000.0,"3":null,"4":20000000.0,"5":10000000.0,"6":20000000.0,"7":null,"8":null},"thermal resistance of outer layer interface [m^2K\/W]":{"0":0.00001,"1":0.00001,"2":0.00001,"3":null,"4":0.00001,"5":0.00001,"6":0.00001,"7":null,"8":null},"r_inner [m]":{"0":0.005,"1":0.0052,"2":0.0057,"3":0.0059,"4":0.0069,"5":0.0071,"6":0.0076,"7":null,"8":null},"r_outer [m]":{"0":0.0052,"1":0.0057,"2":0.0059,"3":0.0069,"4":0.0071,"5":0.0076,"6":0.0078,"7":null,"8":null},"T_{r_inner} [K]":{"0":826.648340482,"1":813.0230114926,"2":801.6782430708,"3":793.4819148697,"4":722.9486848243,"5":714.0243413366,"6":706.4028258605,"7":null,"8":null},"T_{r_outer} [K]":{"0":817.5191326235,"1":805.8277746154,"2":793.4819148697,"3":722.9486848243,"4":716.9842579029,"5":709.2163663244,"6":700.808855754,"7":null,"8":null},"T_min [K]":{"0":817.5191326235,"1":805.8277746154,"2":793.4819148697,"3":722.9486848243,"4":716.9842579029,"5":709.2163663244,"6":700.808855754,"7":null,"8":null},"T_max [K]":{"0":826.648340482,"1":813.0230114926,"2":801.6782430708,"3":793.4819148697,"4":722.9486848243,"5":714.0243413366,"6":706.4028258605,"7":null,"8":null},"net heat transfer [W\/m]":{"0":0.0000003398,"1":0.0000002041,"2":0.0000004374,"3":null,"4":0.0000006335,"5":0.0000003629,"6":0.0000007645,"7":null,"8":null},"internal heat generation [W\/m]":{"0":128.1769802665,"1":171.2167996206,"2":145.7698991266,"3":null,"4":175.929188601,"5":230.9070600388,"6":193.5221074611,"7":null,"8":null},"inner boundary heat transfer [W\/m]":{"0":14561.8033023486,"1":14689.980282615,"2":14861.1970822357,"3":15006.9669809248,"4":13028.4407561533,"5":13204.3699447543,"6":13435.2770047932,"7":null,"8":null},"outer boundary heat transfer [W\/m]":{"0":14689.9802822752,"1":14861.1970820315,"2":15006.9669809248,"3":13028.4407561533,"4":13204.3699441209,"5":13435.2770044303,"6":13628.7991114898,"7":null,"8":null},"Bulk temperature [K]":{"0":null,"1":null,"2":null,"3":753.0,"4":null,"5":null,"6":null,"7":673.0,"8":873.0},"inner heat transfer coefficient [W\/m^2K]":{"0":null,"1":null,"2":null,"3":10000.0,"4":null,"5":null,"6":null,"7":10000.0,"8":null},"outer heat transfer coefficient [W\/m^2K]":{"0":null,"1":null,"2":null,"3":10000.0,"4":null,"5":null,"6":null,"7":null,"8":10000.0},"net heat transfer into layer\/boundary [W\/m]":{"0":null,"1":null,"2":null,"3":1978.5262247715,"4":null,"5":null,"6":null,"7":13628.7991114898,"8":-14561.8033023486},"boundary condition side":{"0":null,"1":null,"2":null,"3":null,"4":null,"5":null,"6":null,"7":"outer","8":"inner"},"boundary condition type":{"0":null,"1":null,"2":null,"3":null,"4":null,"5":null,"6":null,"7":"fluid","8":"fluid"}}